条款文本,风险标签,合同类型,时间
买方应在收到发票后三日内支付货款,付款,采购合同,2024-04-01
乙方结算申请经确认后五日内付款,付款,采购合同,2024-04-02
服务费应在每月十日前支付完毕,付款,服务合同,2024-04-03
收到验收单后七日内支付尾款,付款,建设合同,2024-04-04
本合同价款按月支付并完成结算,付款,销售合同,2024-04-05
甲方支付节点为交付后五个工作日,付款,采购合同,2024-04-06
逾期支付的货款应立即补足,付款,采购合同,2024-04-07
付款申请审核通过后当天结算,付款,服务合同,2024-04-08
卖方逾期交货应承担违约责任并赔偿损失,违约,采购合同,2024-05-01
一方擅自解除合同属于违约并支付违约金,违约,服务合同,2024-05-02
迟延履行超过三日即构成违约,违约,销售合同,2024-05-03
泄露商业秘密的一方应承担违约赔偿,违约,技术合同,2024-05-04
未按约定交付将触发违约金条款,违约,建设合同,2024-05-05
违约方应赔偿因此造成的全部损失,违约,采购合同,2024-05-06
违反保密义务视为重大违约,违约,服务合同,2024-05-07
逾期履行责任按照违约条款处理,违约,销售合同,2024-05-08
合同到期后双方无异议自动续约一年,自动续约,服务合同,2024-06-01
期满前未书面通知终止则自动续约,自动续约,租赁合同,2024-06-02
本协议届满后默认自动续期十二个月,自动续约,服务合同,2024-06-03
授权期限结束后按原条件自动续约,自动续约,技术合同,2024-06-04
双方未提出异议时合同自动顺延,自动续约,采购合同,2024-06-05
除非提前通知否则合同自动延长一年,自动续约,销售合同,2024-06-06
服务期届满后系统自动续签,自动续约,服务合同,2024-06-07
租赁期结束后自动续租六个月,自动续约,租赁合同,2024-06-08
